{"cameraMode":{"drawMode":0,"name":"Shaded","section":"Shading Mode"},"sceneLighting":true,"audioPlay":false,"sceneViewState":{"showFog":true,"showMaterialUpdate":false,"showSkybox":true,"showFlares":true,"showImageEffects":true,"showParticleSystems":true},"in2DMode":false,"pivot":{"x":-8.7025728225708,"y":10.982539176940918,"z":-11.822766304016114},"rotation":{"x":-0.36995911598205569,"y":-0.34055233001708987,"z":0.14796388149261475,"w":-0.8516728281974793},"size":26.338653564453126,"orthographic":false}