{"cameraMode":{"drawMode":0,"name":"Shaded","section":"Shading Mode"},"sceneLighting":true,"audioPlay":false,"sceneViewState":{"showFog":true,"showMaterialUpdate":false,"showSkybox":true,"showFlares":true,"showImageEffects":true,"showParticleSystems":true},"in2DMode":false,"pivot":{"x":-0.23894014954566956,"y":8.970182418823243,"z":-12.583497047424317},"rotation":{"x":-0.43253788352012637,"y":-0.008913492783904076,"z":0.004308190196752548,"w":-0.9016095995903015},"size":38.8594856262207,"orthographic":false}